,method,Ntrain,kernel,train_error,test_error
0,GPR,20,1**2 * RBF(length_scale=10),0.0,0.30594635152879385
1,GPR,50,1**2 * RBF(length_scale=10),0.0,0.15932074031673346
2,GPR,100,1**2 * RBF(length_scale=10),0.0,0.0811235513651542
3,GPR,500,1**2 * RBF(length_scale=10),0.0,0.01773323053199691
4,GPR,20,DotProduct(sigma_0=1),0.0,0.4430688426186457
5,GPR,50,DotProduct(sigma_0=1),0.0,0.6630414043121541
6,GPR,100,DotProduct(sigma_0=1),0.0,0.2539776075427225
7,GPR,500,DotProduct(sigma_0=1),0.04742818971275885,0.08532510922641992
8,GPR,20,DotProduct(sigma_0=1) + WhiteKernel(noise_level=10),0.0,0.4526355280435191
9,GPR,50,DotProduct(sigma_0=1) + WhiteKernel(noise_level=10),0.0,0.6941423392482351
10,GPR,100,DotProduct(sigma_0=1) + WhiteKernel(noise_level=10),0.003367003367003368,0.2889412689059124
11,GPR,500,DotProduct(sigma_0=1) + WhiteKernel(noise_level=10),0.03740814963259853,0.0827550758159856
12,GPR,20,1**2 * RBF(length_scale=1),0.0,0.39692365409866814
13,GPR,50,1**2 * RBF(length_scale=1),0.0,0.1684792978439229
14,GPR,100,1**2 * RBF(length_scale=1),0.0,0.10194460813199764
15,GPR,500,1**2 * RBF(length_scale=1),0.0,0.02081727062451812
16,GPR,20,1**2 * RBF(length_scale=7.5),0.0,0.37760270118176703
17,GPR,50,1**2 * RBF(length_scale=7.5),0.0,0.1595115435985499
18,GPR,100,1**2 * RBF(length_scale=7.5),0.0,0.06717737183264584
19,GPR,500,1**2 * RBF(length_scale=7.5),0.0,0.012336160370084807
20,GPR,20,1**2 * RBF(length_scale=25),0.0,0.3676608516225849
21,GPR,50,1**2 * RBF(length_scale=25),0.0,0.1511161991986262
22,GPR,100,1**2 * RBF(length_scale=25),0.0,0.07051659791789433
23,GPR,500,1**2 * RBF(length_scale=25),0.0,0.015677203803649446
24,GPR,20,1**2 * RBF(length_scale=75),0.0,0.31288688801350595
25,GPR,50,1**2 * RBF(length_scale=75),0.0,0.14233924823506966
26,GPR,100,1**2 * RBF(length_scale=75),0.0,0.07915930072677274
27,GPR,500,1**2 * RBF(length_scale=75),0.0,0.017219223849910047
28,GPR,20,DotProduct(sigma_0=0),0.0,0.4261864565747514
29,GPR,50,DotProduct(sigma_0=0),0.0,0.6956687655027667
30,GPR,100,DotProduct(sigma_0=0),0.0,0.23158515026517384
31,GPR,500,DotProduct(sigma_0=0),0.04475617902471609,0.09663325623233104
32,GPR,20,DotProduct(sigma_0=10) + WhiteKernel(noise_level=0),0.0,0.4818983305196023
33,GPR,50,DotProduct(sigma_0=10) + WhiteKernel(noise_level=0),0.0,0.7218088151116199
34,GPR,100,DotProduct(sigma_0=10) + WhiteKernel(noise_level=0),0.0,0.2632095855431153
35,GPR,500,DotProduct(sigma_0=10) + WhiteKernel(noise_level=0),0.04275217100868404,0.08866615265998458
36,GPR,20,DotProduct(sigma_0=1e-05),0.0,0.4207465766272744
37,GPR,50,DotProduct(sigma_0=1e-05),0.0,0.7443236023659606
38,GPR,100,DotProduct(sigma_0=1e-05),0.0,0.2691023374582597
39,GPR,500,DotProduct(sigma_0=1e-05),0.04542418169672678,0.08969416602415832
40,GPR,20,DotProduct(sigma_0=10) + WhiteKernel(noise_level=1e-05),0.0,0.3822922528606265
41,GPR,50,DotProduct(sigma_0=10) + WhiteKernel(noise_level=1e-05),0.0,0.7403167334478153
42,GPR,100,DotProduct(sigma_0=10) + WhiteKernel(noise_level=1e-05),0.0,0.2368886269888038
43,GPR,500,DotProduct(sigma_0=10) + WhiteKernel(noise_level=1e-05),0.032064128256513016,0.08352608583911593
44,GPR,20,DotProduct(sigma_0=10) + WhiteKernel(noise_level=1),0.0,0.4072406677921591
45,GPR,50,DotProduct(sigma_0=10) + WhiteKernel(noise_level=1),0.0,0.7107422247662659
46,GPR,100,DotProduct(sigma_0=10) + WhiteKernel(noise_level=1),0.003367003367003368,0.2357100766057749
47,GPR,500,DotProduct(sigma_0=10) + WhiteKernel(noise_level=1),0.03607214428857715,0.0819840657928553
48,GPR,20,DotProduct(sigma_0=10),0.0,0.4177452635528044
49,GPR,50,DotProduct(sigma_0=10),0.0,0.7676016027475674
50,GPR,100,DotProduct(sigma_0=10),0.003367003367003368,0.2013356904340994
51,GPR,500,DotProduct(sigma_0=10),0.04342017368069472,0.08429709586224621
52,GPR,20,DotProduct(sigma_0=10) + WhiteKernel(noise_level=10),0.0,0.4640780341399362
53,GPR,50,DotProduct(sigma_0=10) + WhiteKernel(noise_level=10),0.0,0.7513833237931693
54,GPR,100,DotProduct(sigma_0=10) + WhiteKernel(noise_level=10),0.0,0.2288351993714398
55,GPR,500,DotProduct(sigma_0=10) + WhiteKernel(noise_level=10),0.035404141616566465,0.0781290156772038
56,GPR,20,DotProduct(sigma_0=100),0.0,0.3866066404051772
57,GPR,50,DotProduct(sigma_0=100),0.0,0.7637855371112384
58,GPR,100,DotProduct(sigma_0=100),0.0,0.2649774111176586
59,GPR,20,DotProduct(sigma_0=10) + WhiteKernel(noise_level=100),0.0,0.3858563121365597
60,GPR,50,DotProduct(sigma_0=10) + WhiteKernel(noise_level=100),0.0,0.7122686510207975
61,GPR,100,DotProduct(sigma_0=10) + WhiteKernel(noise_level=100),0.0,0.2512276566489884
62,GPR,500,DotProduct(sigma_0=10) + WhiteKernel(noise_level=100),0.02939211756847028,0.08378308918015935
63,GPC,20,1**2 * RBF(length_scale=10),0.0,0.3262052147814669
64,GPC,50,1**2 * RBF(length_scale=10),0.0,0.15874833047128412
65,GPC,100,1**2 * RBF(length_scale=10),0.0,0.09133765468473776
66,GPC,500,1**2 * RBF(length_scale=10),0.0,0.026985350809560524
67,GPC,20,DotProduct(sigma_0=1),0.0,0.413618458075408
68,GPC,50,DotProduct(sigma_0=1),0.0,0.19194810150734595
69,GPC,100,DotProduct(sigma_0=1),0.0,0.1292476920054999
70,GPC,500,DotProduct(sigma_0=1),0.0,0.0765869956309432
71,GPC,20,DotProduct(sigma_0=1) + WhiteKernel(noise_level=10),0.0,0.3089476646032639
72,GPC,50,DotProduct(sigma_0=1) + WhiteKernel(noise_level=10),0.0,0.20644915092539592
73,GPC,100,DotProduct(sigma_0=1) + WhiteKernel(noise_level=10),0.0,0.11451581221763894
74,GPC,500,DotProduct(sigma_0=1) + WhiteKernel(noise_level=10),0.000668002672010688,0.06913389874068364
75,GPC,20,1**2 * RBF(length_scale=1),0.0,0.9003939223410242
76,GPC,50,1**2 * RBF(length_scale=1),0.0,0.8994466704827322
77,GPC,100,1**2 * RBF(length_scale=1),0.0,0.9004124926340601
78,GPC,500,1**2 * RBF(length_scale=1),0.0,0.895656643536366
79,GPC,20,1**2 * RBF(length_scale=7.5),0.0,0.4085537422622397
80,GPC,50,1**2 * RBF(length_scale=7.5),0.0,0.1675252814348407
81,GPC,100,1**2 * RBF(length_scale=7.5),0.0,0.08878412885484188
82,GPC,500,1**2 * RBF(length_scale=7.5),0.0,0.02081727062451812
83,GPC,20,1**2 * RBF(length_scale=25),0.0,0.5304820859125868
84,GPC,50,1**2 * RBF(length_scale=25),0.0,0.21217324937988927
85,GPC,100,1**2 * RBF(length_scale=25),0.016835016835016838,0.17422903162443526
86,GPC,500,1**2 * RBF(length_scale=25),0.020708082832331328,0.04446157800051402
87,GPC,20,1**2 * RBF(length_scale=75),0.4035087719298245,0.7613956105796286
88,GPC,50,1**2 * RBF(length_scale=75),0.2857142857142857,0.5546651402404121
89,GPC,100,1**2 * RBF(length_scale=75),0.1851851851851852,0.3912787271655863
90,GPC,500,1**2 * RBF(length_scale=75),0.06613226452905811,0.09534823952711384
91,GPC,20,DotProduct(sigma_0=0),0.0,0.365222284749578
92,GPC,50,DotProduct(sigma_0=0),0.0,0.17782865865292885
93,GPC,100,DotProduct(sigma_0=0),0.0,0.1151050874091534
94,GPC,500,DotProduct(sigma_0=0),0.0,0.08095605242868156
95,GPC,20,DotProduct(sigma_0=10) + WhiteKernel(noise_level=0),0.0,0.3830425811292441
96,GPC,50,DotProduct(sigma_0=10) + WhiteKernel(noise_level=0),0.0,0.16370921579851172
97,GPC,100,DotProduct(sigma_0=10) + WhiteKernel(noise_level=0),0.0,0.13042624238852876
98,GPC,500,DotProduct(sigma_0=10) + WhiteKernel(noise_level=0),0.0,0.07144692881007453
99,GPC,20,DotProduct(sigma_0=1e-05),0.0,0.4599512286625399
100,GPC,50,DotProduct(sigma_0=1e-05),0.0,0.1879412325892005
101,GPC,100,DotProduct(sigma_0=1e-05),0.0,0.12865841681398546
102,GPC,500,DotProduct(sigma_0=1e-05),0.0,0.0804420457465947
103,GPC,20,DotProduct(sigma_0=10) + WhiteKernel(noise_level=1e-05),0.0,0.4023635340461452
104,GPC,50,DotProduct(sigma_0=10) + WhiteKernel(noise_level=1e-05),0.0,0.15722190421675253
105,GPC,100,DotProduct(sigma_0=10) + WhiteKernel(noise_level=1e-05),0.0,0.12080141426045965
106,GPC,500,DotProduct(sigma_0=10) + WhiteKernel(noise_level=1e-05),0.0,0.06861989205859675
107,GPC,20,DotProduct(sigma_0=10) + WhiteKernel(noise_level=1),0.0,0.3217032451697618
108,GPC,50,DotProduct(sigma_0=10) + WhiteKernel(noise_level=1),0.0,0.19118488838008013
109,GPC,100,DotProduct(sigma_0=10) + WhiteKernel(noise_level=1),0.0,0.13003339226085248
110,GPC,500,DotProduct(sigma_0=10) + WhiteKernel(noise_level=1),0.0,0.07324595219737856
111,GPC,20,DotProduct(sigma_0=10),0.0,0.3406490339523542
112,GPC,50,DotProduct(sigma_0=10),0.0,0.1619919862621637
113,GPC,100,DotProduct(sigma_0=10),0.0,0.10783736004714203
114,GPC,500,DotProduct(sigma_0=10),0.0,0.07247494217424827
115,GPC,20,DotProduct(sigma_0=10) + WhiteKernel(noise_level=10),0.0,0.35096604764584505
116,GPC,50,DotProduct(sigma_0=10) + WhiteKernel(noise_level=10),0.0,0.17630223239839726
117,GPC,100,DotProduct(sigma_0=10) + WhiteKernel(noise_level=10),0.0,0.1231585150265174
118,GPC,500,DotProduct(sigma_0=10) + WhiteKernel(noise_level=10),0.001336005344021376,0.06604985864816243
119,GPC,20,DotProduct(sigma_0=100),0.0,0.3524667041830801
120,GPC,50,DotProduct(sigma_0=100),0.0,0.2524327418431597
121,GPC,100,DotProduct(sigma_0=100),0.0,0.14240817128265568
122,GPC,500,DotProduct(sigma_0=100),0.0,0.07401696222050888
123,GPC,20,DotProduct(sigma_0=10) + WhiteKernel(noise_level=100),0.0,0.338585631213656
124,GPC,50,DotProduct(sigma_0=10) + WhiteKernel(noise_level=100),0.0,0.1789734783438275
125,GPC,100,DotProduct(sigma_0=10) + WhiteKernel(noise_level=100),0.0,0.11058731094087608
126,GPC,500,DotProduct(sigma_0=10) + WhiteKernel(noise_level=100),0.002004008016032064,0.05525571832433822
127,GPR,1000,1**2 * RBF(length_scale=10),0.0,0.011292346298619823
128,GPR,1500,1**2 * RBF(length_scale=10),0.0,0.004489337822671156
129,GPR,1000,DotProduct(sigma_0=1),0.3183183183183183,0.3370974487662066
130,GPR,1000,DotProduct(sigma_0=1) + WhiteKernel(noise_level=10),0.04771438104771438,0.07277289836888333
131,GPR,1500,DotProduct(sigma_0=1) + WhiteKernel(noise_level=10),0.050255726039581936,0.05836139169472504
132,GPR,1000,1**2 * RBF(length_scale=1),0.0,0.011710581346716856
133,GPR,1500,1**2 * RBF(length_scale=1),0.0,0.015712682379349047
134,GPR,1000,1**2 * RBF(length_scale=7.5),0.0,0.00836470096194061
135,GPR,1500,1**2 * RBF(length_scale=7.5),0.0,0.013468013468013466
136,GPR,1000,1**2 * RBF(length_scale=25),0.0,0.00878293601003764
137,GPR,1500,1**2 * RBF(length_scale=25),0.0,0.007856341189674524
138,GPR,1000,1**2 * RBF(length_scale=75),0.0,0.009619406106231704
139,GPR,1500,1**2 * RBF(length_scale=75),0.0,0.006734006734006733
140,GPR,1000,DotProduct(sigma_0=10) + WhiteKernel(noise_level=0),0.04938271604938271,0.05938937682977834
141,GPR,1500,DotProduct(sigma_0=10) + WhiteKernel(noise_level=0),0.05158994885479208,0.061728395061728385
142,GPR,1000,DotProduct(sigma_0=1e-05),0.344678011344678,0.3626097867001255
143,GPR,1000,DotProduct(sigma_0=10) + WhiteKernel(noise_level=1e-05),0.04604604604604605,0.06608113759933082
144,GPR,1500,DotProduct(sigma_0=10) + WhiteKernel(noise_level=1e-05),0.04780965087836335,0.0808080808080808
145,GPR,1000,DotProduct(sigma_0=10) + WhiteKernel(noise_level=1),0.04304304304304304,0.07151819322459223
146,GPR,1500,DotProduct(sigma_0=10) + WhiteKernel(noise_level=1),0.05158994885479208,0.060606060606060615
147,GPR,1000,DotProduct(sigma_0=10) + WhiteKernel(noise_level=10),0.04704704704704705,0.06649937264742786
148,GPR,1500,DotProduct(sigma_0=10) + WhiteKernel(noise_level=10),0.049588614631976884,0.06734006734006734
149,GPR,1000,DotProduct(sigma_0=10) + WhiteKernel(noise_level=100),0.04337671004337671,0.07193642827268926
150,GPR,1500,DotProduct(sigma_0=10) + WhiteKernel(noise_level=100),0.05247943073159885,0.06846240179573512
151,GPC,1000,1**2 * RBF(length_scale=10),0.0,0.01463822668339607
152,GPC,1500,1**2 * RBF(length_scale=10),0.0,0.013468013468013473
153,GPC,1000,DotProduct(sigma_0=1),0.007674341007674341,0.0656629025512338
154,GPC,1500,DotProduct(sigma_0=1),0.00822770736046253,0.04826038159371493
155,GPC,1000,DotProduct(sigma_0=1) + WhiteKernel(noise_level=10),0.0066733400066733405,0.046842325386867424
156,GPC,1500,DotProduct(sigma_0=1) + WhiteKernel(noise_level=10),0.00978430064487436,0.0505050505050505
157,GPC,1000,1**2 * RBF(length_scale=1),0.0,0.8937682977833543
158,GPC,1500,1**2 * RBF(length_scale=1),0.0,0.8967452300785634
159,GPC,1000,1**2 * RBF(length_scale=7.5),0.0,0.010874111250522794
160,GPC,1500,1**2 * RBF(length_scale=7.5),0.0,0.010101010101010102
161,GPC,1000,1**2 * RBF(length_scale=25),0.01334668001334668,0.030949393559180256
162,GPC,1500,1**2 * RBF(length_scale=25),0.01445408049810985,0.022446689113355785
163,GPC,1000,1**2 * RBF(length_scale=75),0.05839172505839173,0.07737348389795065
164,GPC,1500,1**2 * RBF(length_scale=75),0.056037358238825885,0.05948372615039281
165,GPC,1000,DotProduct(sigma_0=0),0.0046713380046713385,0.0698452530322041
166,GPC,1500,DotProduct(sigma_0=0),0.00956193017567267,0.05387205387205389
167,GPC,1000,DotProduct(sigma_0=10) + WhiteKernel(noise_level=0),0.006006006006006005,0.056461731493099125
168,GPC,1500,DotProduct(sigma_0=10) + WhiteKernel(noise_level=0),0.006671114076050699,0.05274971941638608
169,GPC,1000,DotProduct(sigma_0=1e-05),0.007674341007674341,0.06189878711836051
170,GPC,1500,DotProduct(sigma_0=1e-05),0.01156326439848788,0.06397306397306397
171,GPC,1000,DotProduct(sigma_0=10) + WhiteKernel(noise_level=1e-05),0.006006006006006006,0.05855290673358428
172,GPC,1500,DotProduct(sigma_0=10) + WhiteKernel(noise_level=1e-05),0.005781632199243941,0.05162738496071829
173,GPC,1000,DotProduct(sigma_0=10) + WhiteKernel(noise_level=1),0.005005005005005005,0.0644081974069427
174,GPC,1500,DotProduct(sigma_0=10) + WhiteKernel(noise_level=1),0.00511452079163887,0.061728395061728385
175,GPC,1000,DotProduct(sigma_0=10),0.004004004004004004,0.061898787118360526
176,GPC,1500,DotProduct(sigma_0=10),0.00578163219924394,0.06958473625140292
177,GPC,1000,DotProduct(sigma_0=10) + WhiteKernel(noise_level=10),0.004004004004004004,0.05604349644500209
178,GPC,1500,DotProduct(sigma_0=10) + WhiteKernel(noise_level=10),0.004447409384033801,0.04489337822671157
179,GPC,1000,DotProduct(sigma_0=100),0.004004004004004004,0.0602258469259724
180,GPC,1500,DotProduct(sigma_0=100),0.00644874360684901,0.04938271604938272
181,GPC,1000,DotProduct(sigma_0=10) + WhiteKernel(noise_level=100),0.010343677010343676,0.03847762442492681
182,GPC,1500,DotProduct(sigma_0=10) + WhiteKernel(noise_level=100),0.010451412052479429,0.03142536475869809
183,GPC,20,"Matern(length_scale=1, nu=1.5)",0.0,0.7833427124366911
184,GPC,50,"Matern(length_scale=1, nu=1.5)",0.0,0.647586338485022
185,GPC,100,"Matern(length_scale=1, nu=1.5)",0.0,0.4853663327440581
186,GPC,500,"Matern(length_scale=1, nu=1.5)",0.0,0.16319712156258032
187,GPC,20,"Matern(length_scale=7.5, nu=1.5)",0.0,0.3708497467642093
188,GPC,50,"Matern(length_scale=7.5, nu=1.5)",0.0,0.18202633085289066
189,GPC,100,"Matern(length_scale=7.5, nu=1.5)",0.0,0.10940876055784718
190,GPC,500,"Matern(length_scale=7.5, nu=1.5)",0.0,0.029555384219994863
191,GPC,20,"Matern(length_scale=10, nu=1.5)",0.0,0.4126805477396361
192,GPC,50,"Matern(length_scale=10, nu=1.5)",0.0,0.2156077084525853
193,GPC,100,"Matern(length_scale=10, nu=1.5)",0.0,0.11785503830288745
194,GPC,500,"Matern(length_scale=10, nu=1.5)",0.0,0.03546646106399383
195,GPC,20,"Matern(length_scale=25, nu=1.5)",0.017543859649122806,0.5876946163946727
196,GPC,50,"Matern(length_scale=25, nu=1.5)",0.006802721088435374,0.3197863003243656
197,GPC,100,"Matern(length_scale=25, nu=1.5)",0.0,0.1451581221763897
198,GPC,500,"Matern(length_scale=25, nu=1.5)",0.006680026720106882,0.039835517861732214
199,GPC,20,"Matern(length_scale=75, nu=1.5)",0.2631578947368421,0.6805477396360908
200,GPC,50,"Matern(length_scale=75, nu=1.5)",0.1904761904761905,0.4792978439229154
201,GPC,100,"Matern(length_scale=75, nu=1.5)",0.101010101010101,0.22078177175407585
202,GPC,500,"Matern(length_scale=75, nu=1.5)",0.05477621910487642,0.07478797224363917
203,GPC,20,"Matern(length_scale=1, nu=0.5)",0.0,0.4365034702682423
204,GPC,50,"Matern(length_scale=1, nu=0.5)",0.0,0.2156077084525853
205,GPC,100,"Matern(length_scale=1, nu=0.5)",0.0,0.09762325672755844
206,GPC,500,"Matern(length_scale=1, nu=0.5)",0.0,0.02878437419686456
207,GPC,20,"Matern(length_scale=7.5, nu=0.5)",0.0,0.40423935471768896
208,GPC,50,"Matern(length_scale=7.5, nu=0.5)",0.0,0.2543407746613242
209,GPC,100,"Matern(length_scale=7.5, nu=0.5)",0.0,0.1532115497937537
210,GPC,500,"Matern(length_scale=7.5, nu=0.5)",0.0,0.034438447699820095
211,GPC,20,"Matern(length_scale=10, nu=0.5)",0.0,0.5087225661226787
212,GPC,50,"Matern(length_scale=10, nu=0.5)",0.0,0.2663613814157604
213,GPC,100,"Matern(length_scale=10, nu=0.5)",0.0,0.1176586132390493
214,GPC,500,"Matern(length_scale=10, nu=0.5)",0.0,0.04369056797738372
215,GPC,20,"Matern(length_scale=25, nu=0.5)",0.0,0.5323579065841305
216,GPC,50,"Matern(length_scale=25, nu=0.5)",0.0,0.3842778095783248
217,GPC,100,"Matern(length_scale=25, nu=0.5)",0.0,0.2361029267334512
218,GPC,500,"Matern(length_scale=25, nu=0.5)",0.008684034736138945,0.05576972500642508
219,GPC,20,"Matern(length_scale=75, nu=0.5)",0.12280701754385966,0.6933033202025887
220,GPC,50,"Matern(length_scale=75, nu=0.5)",0.1292517006802721,0.4724289257775234
221,GPC,100,"Matern(length_scale=75, nu=0.5)",0.05050505050505051,0.3036731486937733
222,GPC,500,"Matern(length_scale=75, nu=0.5)",0.02338009352037408,0.06579285530711901
223,GPC,20,"Matern(length_scale=1, nu=2.5)",0.0,0.8503095104108047
224,GPC,50,"Matern(length_scale=1, nu=2.5)",0.0,0.8013737836290784
225,GPC,100,"Matern(length_scale=1, nu=2.5)",0.0,0.7198978589668041
226,GPC,500,"Matern(length_scale=1, nu=2.5)",0.0,0.4232845026985351
227,GPC,20,"Matern(length_scale=7.5, nu=2.5)",0.0,0.3462764959669856
228,GPC,50,"Matern(length_scale=7.5, nu=2.5)",0.0,0.18984926540736505
229,GPC,100,"Matern(length_scale=7.5, nu=2.5)",0.0,0.08898055391868002
230,GPC,500,"Matern(length_scale=7.5, nu=2.5)",0.0,0.02801336417373426
231,GPC,20,"Matern(length_scale=10, nu=2.5)",0.0,0.4053648471206153
232,GPC,50,"Matern(length_scale=10, nu=2.5)",0.0,0.21827895439801565
233,GPC,100,"Matern(length_scale=10, nu=2.5)",0.0,0.10508740915340796
234,GPC,500,"Matern(length_scale=10, nu=2.5)",0.0,0.0352094577229504
235,GPC,20,"Matern(length_scale=25, nu=2.5)",0.0,0.4717688988932658
236,GPC,50,"Matern(length_scale=25, nu=2.5)",0.006802721088435374,0.2944094638427781
237,GPC,100,"Matern(length_scale=25, nu=2.5)",0.006734006734006736,0.15576507562364958
238,GPC,500,"Matern(length_scale=25, nu=2.5)",0.015364061456245824,0.049601644821382684
239,GPC,20,"Matern(length_scale=75, nu=2.5)",0.456140350877193,0.7801538172950666
240,GPC,50,"Matern(length_scale=75, nu=2.5)",0.3741496598639456,0.6086624689944667
241,GPC,100,"Matern(length_scale=75, nu=2.5)",0.1414141414141414,0.266745236692202
242,GPC,500,"Matern(length_scale=75, nu=2.5)",0.05076820307281228,0.0765869956309432
243,GPC,20,"Matern(length_scale=7.5, nu=10)",0.0,0.29825548677546426
244,GPC,50,"Matern(length_scale=7.5, nu=10)",0.0,0.17630223239839726
245,GPC,100,"Matern(length_scale=7.5, nu=10)",0.0,0.08760557847181301
246,GPC,500,"Matern(length_scale=7.5, nu=10)",0.0,0.026471344127473657
247,GPC,20,RBF(length_scale=7.5),0.0,0.3016319639842431
248,GPC,50,RBF(length_scale=7.5),0.0,0.17592062583476434
249,GPC,100,RBF(length_scale=7.5),0.0,0.09624828128069142
250,GPC,500,RBF(length_scale=7.5),0.0,0.02595733744538679
251,GPR,20,"Matern(length_scale=7.5, nu=0.5)",0.0,0.33896079534796475
252,GPR,50,"Matern(length_scale=7.5, nu=0.5)",0.0,0.17553901927113147
253,GPR,100,"Matern(length_scale=7.5, nu=0.5)",0.0,0.0940876055784718
254,GPR,500,"Matern(length_scale=7.5, nu=0.5)",0.0,0.02261629401182216
255,GPR,20,"Matern(length_scale=7.5, nu=1.5)",0.0,0.38473081973363343
256,GPR,50,"Matern(length_scale=7.5, nu=1.5)",0.0,0.1619919862621637
257,GPR,100,"Matern(length_scale=7.5, nu=1.5)",0.0,0.10626595953643683
258,GPR,500,"Matern(length_scale=7.5, nu=1.5)",0.0,0.014649190439475712
259,GPR,20,"Matern(length_scale=7.5, nu=2.5)",0.0,0.41193021947101854
260,GPR,50,"Matern(length_scale=7.5, nu=2.5)",0.0,0.21217324937988927
261,GPR,100,"Matern(length_scale=7.5, nu=2.5)",0.0,0.10076605774896877
262,GPR,500,"Matern(length_scale=7.5, nu=2.5)",0.0,0.020303263942431253
263,GPR,20,"Matern(length_scale=7.5, nu=10)",0.0,0.3950478334271244
264,GPR,50,"Matern(length_scale=7.5, nu=10)",0.0,0.17572982255294792
265,GPR,100,"Matern(length_scale=7.5, nu=10)",0.0,0.10489098408956984
266,GPR,500,"Matern(length_scale=7.5, nu=10)",0.0,0.015420200462606013
267,GPR,20,RBF(length_scale=7.5),0.0,0.4070530857250048
268,GPR,50,RBF(length_scale=7.5),0.0,0.1959549704254913
269,GPR,100,RBF(length_scale=7.5),0.0,0.07699862502455312
270,GPR,500,RBF(length_scale=7.5),0.0,0.015420200462606013
271,GPR,20,"Matern(length_scale=10, nu=0.5)",0.0,0.35302945038454325
272,GPR,50,"Matern(length_scale=10, nu=0.5)",0.0,0.16580805189849265
273,GPR,100,"Matern(length_scale=10, nu=0.5)",0.0,0.08701630328029858
274,GPR,500,"Matern(length_scale=10, nu=0.5)",0.0,0.02030326394243125
275,GPR,1000,"Matern(length_scale=10, nu=0.5)",0.0,0.011292346298619823
276,GPR,1500,"Matern(length_scale=10, nu=0.5)",0.0,0.0101010101010101
277,GPC,1000,"Matern(length_scale=10, nu=0.5)",0.0,0.03805938937682978
278,GPC,1500,"Matern(length_scale=10, nu=0.5)",0.0008894818768067599,0.025813692480359147
279,GPR,1000,RBF(length_scale=7.5),0.0,0.012547051442910916
280,GPR,1500,RBF(length_scale=7.5),0.0,0.004489337822671156
281,GPR,1000,"Matern(length_scale=7.5, nu=0.5)",0.0,0.0150564617314931
282,GPR,1500,"Matern(length_scale=7.5, nu=0.5)",0.0,0.004489337822671156
283,GPR,1000,"Matern(length_scale=7.5, nu=1.5)",0.0,0.012128816394813884
284,GPR,1500,"Matern(length_scale=7.5, nu=1.5)",0.0,0.0101010101010101
285,GPR,1000,"Matern(length_scale=7.5, nu=2.5)",0.0,0.0071099958176495184
286,GPR,1500,"Matern(length_scale=7.5, nu=2.5)",0.0,0.006734006734006736
287,GPR,1000,"Matern(length_scale=7.5, nu=10)",0.0,0.010874111250522796
288,GPR,1500,"Matern(length_scale=7.5, nu=10)",0.0,0.004489337822671156
289,GPC,1000,"Matern(length_scale=7.5, nu=0.5)",0.0,0.028439983270598074
290,GPC,1500,"Matern(length_scale=7.5, nu=0.5)",0.0,0.030303030303030307
291,GPC,1000,"Matern(length_scale=7.5, nu=1.5)",0.0,0.02593057298201589
292,GPC,1500,"Matern(length_scale=7.5, nu=1.5)",0.0,0.019079685746352416
293,GPC,1000,"Matern(length_scale=7.5, nu=2.5)",0.0,0.017984107068172314
294,GPC,1500,"Matern(length_scale=7.5, nu=2.5)",0.0,0.011223344556677887
295,GPC,1000,"Matern(length_scale=7.5, nu=10)",0.0,0.015474696779590128
296,GPC,1500,"Matern(length_scale=7.5, nu=10)",0.0,0.017957351290684626
297,GPC,1000,RBF(length_scale=7.5),0.0,0.013801756587202008
298,GPC,1500,RBF(length_scale=7.5),0.0,0.019079685746352413
299,GPR,20,DotProduct(sigma_0=1) + 1**2 + WhiteKernel(noise_level=10),0.0,0.398799474770212
300,GPR,50,DotProduct(sigma_0=1) + 1**2 + WhiteKernel(noise_level=10),0.0,0.7317305857660752
301,GPR,100,DotProduct(sigma_0=1) + 1**2 + WhiteKernel(noise_level=10),0.0033670033670033677,0.2431742290316244
302,GPR,500,DotProduct(sigma_0=1) + 1**2 + WhiteKernel(noise_level=10),0.03473613894455578,0.08558211256746337
303,GPR,1000,DotProduct(sigma_0=1) + 1**2 + WhiteKernel(noise_level=10),0.05038371705038372,0.06482643245503973
304,GPR,1500,DotProduct(sigma_0=1) + 1**2 + WhiteKernel(noise_level=10),0.053368912608405615,0.06509539842873176
305,GPR,20,"Matern(length_scale=1, nu=1.5)",0.0,0.340086287750891
306,GPR,50,"Matern(length_scale=1, nu=1.5)",0.0,0.18069070788017552
307,GPR,100,"Matern(length_scale=1, nu=1.5)",0.0,0.10390885877037913
308,GPR,500,"Matern(length_scale=1, nu=1.5)",0.0,0.02749935749164739
309,GPR,1000,"Matern(length_scale=1, nu=1.5)",0.0,0.012547051442910916
310,GPR,1500,"Matern(length_scale=1, nu=1.5)",0.0,0.0101010101010101
311,GPR,20,"RationalQuadratic(alpha=1, length_scale=1)",0.0,0.3691615081598199
312,GPR,50,"RationalQuadratic(alpha=1, length_scale=1)",0.0,0.14386567448960122
313,GPR,100,"RationalQuadratic(alpha=1, length_scale=1)",0.0,0.08721272834413672
314,GPR,500,"RationalQuadratic(alpha=1, length_scale=1)",0.0,0.013878180416345412
315,GPR,1000,"RationalQuadratic(alpha=1, length_scale=1)",0.0,0.012547051442910918
316,GPR,1500,"RationalQuadratic(alpha=1, length_scale=1)",0.0,0.01234567901234568
317,GPC,20,DotProduct(sigma_0=1) + 1**2 + WhiteKernel(noise_level=10),0.0,0.3774151191146127
318,GPC,50,DotProduct(sigma_0=1) + 1**2 + WhiteKernel(noise_level=10),0.0,0.18603319977103605
319,GPC,100,DotProduct(sigma_0=1) + 1**2 + WhiteKernel(noise_level=10),0.0,0.11392653702612456
320,GPC,500,DotProduct(sigma_0=1) + 1**2 + WhiteKernel(noise_level=10),0.002004008016032064,0.06682086867129274
321,GPC,1000,DotProduct(sigma_0=1) + 1**2 + WhiteKernel(noise_level=10),0.006006006006006006,0.05437055625261397
322,GPC,1500,DotProduct(sigma_0=1) + 1**2 + WhiteKernel(noise_level=10),0.008672448298865909,0.05274971941638608
323,GPC,1000,"Matern(length_scale=1, nu=1.5)",0.0,0.10079464659138436
324,GPC,1500,"Matern(length_scale=1, nu=1.5)",0.0,0.05050505050505051
325,GPC,20,"RationalQuadratic(alpha=1, length_scale=1)",0.0,0.5951978990808479
326,GPC,50,"RationalQuadratic(alpha=1, length_scale=1)",0.0,0.4508681549322648
327,GPC,100,"RationalQuadratic(alpha=1, length_scale=1)",0.0,0.2810842663523866
328,GPC,500,"RationalQuadratic(alpha=1, length_scale=1)",0.0,0.11976355692624005
329,GPC,1000,"RationalQuadratic(alpha=1, length_scale=1)",0.0,0.07151819322459221
330,GPC,1500,"RationalQuadratic(alpha=1, length_scale=1)",0.0,0.06397306397306397
331,GPC,20,"ExpSineSquared(length_scale=1, periodicity=1)",0.7719298245614035,0.905271056087038
332,GPC,50,"ExpSineSquared(length_scale=1, periodicity=1)",0.8639455782312925,0.9032627361190612
